 Area,"Agriculture, forestry and fishing",Mining,Manufacturing,"Electricity, gas, water and waste services",Construction,Wholesale trade,Retail trade,Accommodation and food services,"Transport, postal and warehousing",Information media and telecommunications,Finance and insurance services,"Rental, hiring and real estate services","Professional, scientific and technical services",Administrative and support services,Public administration and safety,Education and training,Health care and social assistance,Arts and recreation services,Other services,Total
Alfredton,0.1,0.1,0.7,0.1,0.7,0.3,1.2,1,0.3,0.2,0.4,0.2,0.6,0.6,0.7,1.2,1.9,0.2,0.2,10.8
Ballarat,0.1,0,0.4,0.1,0.4,0.2,0.8,0.9,0.2,0.1,0.3,0.1,0.6,0.6,0.6,1.3,1.7,0.2,0.2,9.1
Ballarat - North,0.2,0.1,1,0.1,1.1,0.4,1.7,1.4,0.4,0.3,0.5,0.2,0.9,1.1,1.1,2.2,2.8,0.4,0.4,16.8
Ballarat - South,0.2,0.1,1,0.1,1.1,0.4,2,1.7,0.4,0.2,0.5,0.2,0.9,1.3,1,1.6,2.8,0.4,0.5,16.7
Buninyong,0.1,0,0.3,0,0.3,0.1,0.5,0.4,0.1,0.1,0.2,0.1,0.4,0.3,0.3,0.8,0.8,0.1,0.1,5
Delacombe,0.1,0.1,0.5,0.1,0.5,0.2,0.8,0.5,0.2,0.1,0.2,0.1,0.3,0.5,0.4,0.5,1.1,0.1,0.2,6.6
Smythes Creek,0.1,0,0.3,0,0.3,0.1,0.3,0.2,0.1,0,0.1,0,0.1,0.2,0.2,0.3,0.5,0.1,0.1,3
Wendouree - Miners Rest,0.2,0,0.8,0.1,0.7,0.3,1.1,0.8,0.4,0.1,0.3,0.1,0.4,0.7,0.6,0.7,1.4,0.3,0.3,9.4
Bacchus Marsh Region,0.1,0,0.2,0,0.5,0.2,0.3,0.3,0.3,0,0.2,0.1,0.2,0.3,0.4,0.3,0.5,0.1,0.2,4.4
Creswick - Clunes,0.3,0,0.3,0,0.3,0.2,0.4,0.4,0.2,0.1,0.2,0.1,0.2,0.3,0.3,0.5,0.8,0.2,0.2,5
Daylesford,0.2,0,0.3,0,0.3,0.2,0.5,0.9,0.2,0.1,0.2,0.1,0.3,0.4,0.5,0.6,0.8,0.1,0.1,5.9
Gordon (Vic.),0.3,0,0.2,0,0.4,0.1,0.3,0.2,0.2,0,0.1,0.1,0.3,0.3,0.3,0.4,0.5,0.1,0.1,4.2
Avoca,0.3,0,0.2,0,0.1,0.1,0.1,0.1,0.1,0,0.1,0,0.1,0.1,0.2,0.1,0.3,0,0,1.9
Beaufort,0.3,0,0.2,0,0.2,0.1,0.2,0.2,0.1,0,0.1,0,0.1,0.2,0.2,0.2,0.3,0.1,0.1,2.7
Golden Plains - North,0.2,0,0.2,0,0.3,0.1,0.3,0.2,0.1,0,0.1,0,0.1,0.2,0.2,0.2,0.4,0.1,0.1,3.1
Maryborough (Vic.),0.1,0,0.6,0,0.2,0.1,0.5,0.3,0.2,0,0.1,0,0.1,0.2,0.3,0.4,0.6,0.1,0.1,4
Maryborough Region,0.3,0,0.3,0,0.1,0.1,0.3,0.2,0.1,0,0.1,0,0.1,0.2,0.2,0.2,0.4,0.1,0.1,2.8
Bendigo,0.1,0.1,0.9,0.1,0.5,0.2,1,1.1,0.3,0.1,0.4,0.1,0.4,0.9,0.6,0.9,2,0.2,0.3,10.2
California Gully - Eaglehawk,0.1,0.1,0.9,0.1,0.6,0.2,0.8,0.7,0.3,0.1,0.3,0.1,0.2,0.7,0.4,0.6,1.4,0.2,0.3,8.2
East Bendigo - Kennington,0.1,0.1,0.6,0.1,0.5,0.2,0.9,0.9,0.2,0.1,0.5,0.1,0.4,0.6,0.6,1,1.6,0.2,0.2,9.4
Flora Hill - Spring Gully,0.1,0.1,0.4,0.1,0.4,0.1,0.7,0.7,0.1,0.1,0.3,0.1,0.3,0.5,0.5,0.8,1.2,0.2,0.2,6.8
Kangaroo Flat - Golden Square,0.2,0.2,1.5,0.1,0.9,0.3,1.5,1.1,0.4,0.1,0.6,0.1,0.5,1.1,0.8,1,2,0.2,0.4,13.4
Maiden Gully,0.1,0.1,0.3,0,0.3,0.1,0.5,0.3,0.1,0,0.2,0,0.2,0.3,0.3,0.4,0.6,0.1,0.1,4
Strathfieldsaye,0.1,0.1,0.4,0.1,0.5,0.2,0.7,0.6,0.2,0.1,0.5,0.1,0.3,0.4,0.5,0.9,1.2,0.2,0.2,7.2
White Hills - Ascot,0.2,0.3,0.9,0.1,0.7,0.3,1,0.9,0.3,0.1,0.4,0.1,0.3,0.7,0.5,0.7,1.6,0.2,0.3,9.8
Bendigo Region - South,0.2,0.1,0.5,0.1,0.5,0.1,0.6,0.4,0.2,0,0.2,0.1,0.2,0.4,0.4,0.5,0.8,0.1,0.2,5.7
Castlemaine,0.1,0,0.7,0,0.2,0.1,0.6,0.5,0.2,0.1,0.2,0.1,0.3,0.4,0.5,0.8,1,0.2,0.2,6.4
Castlemaine Region,0.3,0.1,0.5,0,0.3,0.1,0.5,0.3,0.2,0.1,0.2,0.1,0.3,0.3,0.4,0.5,0.9,0.1,0.2,5.5
Heathcote,0.1,0.1,0.2,0,0.2,0.1,0.3,0.1,0.1,0,0.1,0,0.1,0.2,0.2,0.2,0.4,0,0.1,2.7
Kyneton,0.2,0,0.4,0,0.4,0.2,0.6,0.5,0.3,0.1,0.3,0.1,0.4,0.8,0.5,0.7,0.9,0.2,0.2,7
Woodend,0.1,0,0.3,0.1,0.3,0.2,0.4,0.3,0.2,0.1,0.2,0.1,0.5,0.3,0.4,0.6,0.7,0.1,0.1,5.1
Bendigo Region - North,0.2,0.1,0.3,0,0.2,0.1,0.3,0.2,0.1,0,0.1,0,0.1,0.2,0.1,0.2,0.4,0.1,0.1,3
Loddon,0.6,0,0.4,0,0.2,0.1,0.3,0.2,0.1,0,0.1,0,0.1,0.2,0.3,0.3,0.5,0.1,0.1,3.8
Bannockburn,0.1,0,0.3,0.1,0.5,0.2,0.6,0.3,0.2,0,0.2,0.1,0.3,0.4,0.3,0.4,0.7,0.1,0.2,5.2
Golden Plains - South,0.4,0,0.3,0.1,0.5,0.3,0.4,0.3,0.2,0,0.2,0.1,0.3,0.4,0.4,0.4,0.7,0.1,0.2,5.5
Winchelsea,0.3,0,0.2,0,0.4,0.2,0.4,0.4,0.2,0,0.1,0.1,0.3,0.3,0.2,0.4,0.5,0.1,0.1,4.4
Belmont,0.1,0,0.5,0.1,0.7,0.3,1.2,1.1,0.3,0.1,0.5,0.2,0.6,1.1,0.6,1.3,1.6,0.3,0.4,11
Corio - Norlane,0.2,0.1,1.5,0.2,1.2,0.7,2,1.4,0.9,0.1,0.7,0.2,0.5,2.1,0.8,0.8,2,0.2,0.6,16.3
Geelong,0.1,0,0.5,0.1,0.6,0.3,1.1,1.2,0.2,0.1,0.5,0.2,0.7,1,0.6,1,1.8,0.2,0.3,10.8
Geelong West - Hamlyn Heights,0.1,0,0.8,0.2,1.1,0.5,1.6,1.5,0.5,0.2,0.8,0.3,1,1.5,1,1.8,2.4,0.3,0.5,16.3
Grovedale,0.1,0.1,1.1,0.2,1.8,0.7,2.8,2.2,0.6,0.2,1,0.4,1.1,2.2,1.3,2.4,4,0.5,0.7,23.9
Highton,0.1,0.1,0.7,0.1,1,0.6,1.9,1.5,0.3,0.2,0.8,0.3,1.2,1.5,0.9,2.5,2.5,0.4,0.4,17.3
Lara,0.2,0.1,0.9,0.2,1.1,0.6,1.4,0.9,0.8,0.1,0.7,0.3,0.8,1.3,1,1,1.6,0.2,0.4,13.8
Leopold,0.1,0,0.5,0.1,0.7,0.4,1.1,0.7,0.3,0.1,0.5,0.1,0.4,0.7,0.6,0.7,1.5,0.2,0.3,9
Newcomb - Moolap,0.1,0,0.7,0.1,0.8,0.3,1.2,0.9,0.4,0.1,0.4,0.1,0.4,1.1,0.6,0.6,1.6,0.2,0.4,10.3
Newtown (Vic.),0.1,0,0.3,0.1,0.4,0.2,0.8,0.7,0.2,0.1,0.4,0.1,0.6,0.6,0.4,1.1,1.3,0.2,0.2,8
North Geelong - Bell Park,0.1,0,0.7,0.1,0.8,0.4,1.2,1,0.4,0.1,0.5,0.2,0.6,1.2,0.6,0.8,1.5,0.2,0.3,10.8
Clifton Springs,0.1,0,0.6,0.1,0.9,0.3,1.2,1,0.4,0.1,0.5,0.2,0.5,0.9,0.7,0.8,1.6,0.2,0.3,10.5
Lorne - Anglesea,0.1,0,0.1,0,0.2,0.1,0.4,0.7,0.1,0,0.1,0.1,0.2,0.3,0.2,0.5,0.4,0.1,0.1,3.8
Ocean Grove - Barwon Heads,0.2,0.1,0.8,0.1,1.5,0.5,2,2,0.5,0.2,0.9,0.3,1.2,1.4,1.4,2.5,3.1,0.5,0.5,20.2
Portarlington,0.1,0,0.2,0,0.4,0.2,0.4,0.4,0.2,0,0.3,0.1,0.2,0.4,0.3,0.4,0.6,0.1,0.2,4.7
Point Lonsdale - Queenscliff,0,0,0.1,0,0.2,0,0.2,0.3,0.1,0,0.1,0.1,0.2,0.2,0.2,0.4,0.5,0.1,0.1,2.8
Torquay,0.1,0,0.6,0.1,1.3,0.7,1.6,1.6,0.3,0.2,0.7,0.3,1,1,1.1,2,2.1,0.4,0.5,16.2
Alexandra,0.2,0,0.2,0,0.3,0.1,0.4,0.5,0.1,0,0.1,0.1,0.1,0.2,0.3,0.5,0.5,0.1,0.1,4.1
Euroa,0.6,0,0.2,0,0.2,0.1,0.3,0.3,0.2,0,0.1,0,0.2,0.3,0.3,0.3,0.5,0.1,0.1,4
Kilmore - Broadford,0.1,0.1,0.9,0.1,1.2,0.4,0.9,0.7,0.5,0.1,0.4,0.2,0.5,0.8,0.8,0.7,1.2,0.1,0.3,10.1
Mansfield (Vic.),0.4,0.1,0.2,0,0.4,0.2,0.7,0.7,0.4,0,0.2,0.2,0.2,0.4,0.3,0.6,0.6,0.2,0.2,6.4
Nagambie,0.3,0,0.3,0,0.2,0.1,0.2,0.2,0.1,0,0.1,0.1,0.1,0.2,0.2,0.2,0.3,0.1,0,2.9
Seymour,0.2,0,0.3,0.1,0.3,0.2,0.4,0.4,0.2,0,0.1,0.1,0.1,0.3,0.4,0.3,0.5,0.1,0.1,4.1
Seymour Region,0.2,0,0.2,0,0.2,0.1,0.2,0.2,0.1,0,0.1,0,0.1,0.2,0.6,0.2,0.3,0,0.1,2.9
Upper Yarra Valley,0,0,0,0,0,0,0,0, np , np ,0, np ,0,0,0,0,0,0,0,0.1
Yea,0.1,0,0.1,0,0.2,0.1,0.2,0.2,0.1,0,0.1,0,0.1,0.1,0.2,0.2,0.3,0,0.1,2.2
Benalla,0.2,0.2,0.7,0.1,0.5,0.2,0.6,0.6,0.2,0,0.2,0.1,0.2,0.4,0.5,0.5,1.1,0.1,0.2,6.6
Benalla Region,0.2,0.1,0.2,0,0.1,0.1,0.2,0.1,0.1,0,0.1,0,0.1,0.1,0.2,0.2,0.3,0.1,0.1,2.4
Rutherglen,0.2,0,0.5,0,0.1,0.1,0.3,0.3,0.2,0,0.1,0,0.1,0.1,0.2,0.2,0.3,0,0.1,2.7
Wangaratta,0.3,0.1,1.1,0.1,0.8,0.4,1.5,1.3,0.5,0.1,0.4,0.2,0.4,0.9,0.8,1.2,2.3,0.3,0.4,13.2
Wangaratta Region,0.6,0.1,0.7,0,0.5,0.2,0.5,0.5,0.3,0,0.2,0.1,0.3,0.4,0.5,0.6,1,0.1,0.2,6.9
Beechworth,0.1,0,0.2,0,0.1,0.1,0.3,0.3,0.1,0,0.1,0,0.1,0.2,0.3,0.4,0.6,0.1,0.1,3.3
Bright - Mount Beauty,0.3,0,0.2,0.1,0.4,0.1,0.4,1.1,0.4,0,0.2,0.2,0.3,0.3,0.3,0.6,0.6,0.3,0.1,6.2
Chiltern - Indigo Valley,0.1,0,0.3,0,0.1,0.1,0.2,0.2,0.1,0,0.1,0,0.1,0.1,0.2,0.2,0.3,0,0.1,2.3
Myrtleford,0.4,0,0.4,0,0.2,0.1,0.4,0.4,0.2,0,0.1,0.1,0.1,0.1,0.2,0.2,0.5,0.1,0.1,3.6
Towong,0.4,0,0.2,0.1,0.3,0.1,0.3,0.2,0.2,0,0.1,0,0.2,0.2,0.3,0.4,0.6,0.1,0.1,3.8
West Wodonga,0.1,0,0.9,0.1,0.7,0.4,1.3,1,0.5,0.1,0.4,0.1,0.4,0.7,0.9,0.9,1.6,0.1,0.3,10.8
Wodonga,0.3,0.1,1.5,0.2,1.3,0.6,2.2,1.6,0.8,0.1,0.8,0.2,0.8,1.2,1.9,1.7,2.8,0.3,0.6,19.2
Yackandandah,0.1,0,0.3,0,0.3,0.1,0.3,0.3,0.1,0,0.1,0,0.2,0.2,0.3,0.4,0.5,0.1,0.1,3.5
Drouin,0.4,0.1,0.9,0.1,1.2,0.5,1.1,0.8,0.4,0.1,0.5,0.2,0.5,0.8,0.6,1.1,1.6,0.3,0.5,11.9
Mount Baw Baw Region,0.3,0.1,0.3,0.1,0.3,0.1,0.3,0.3,0.1,0,0.2,0.1,0.2,0.2,0.3,0.4,0.5,0.1,0.1,4.1
Trafalgar (Vic.),0.3,0.1,0.3,0.1,0.5,0.2,0.4,0.3,0.2,0,0.2,0.1,0.3,0.4,0.3,0.5,0.7,0.1,0.2,5.3
Warragul,0.7,0.1,1,0.2,1.3,0.6,1.3,1,0.4,0.2,0.6,0.2,0.7,0.8,0.8,1.6,2.1,0.3,0.6,14.8
Alps - East, np , np , np , np , np , np , np , np , np , np , np , np , np , np , np , np , np , np , np , np 
Bairnsdale,0.3,0,0.8,0.1,0.6,0.3,1.3,0.7,0.3,0.1,0.3,0.2,0.3,0.6,0.5,0.8,1.5,0.1,0.4,9.5
Bruthen - Omeo,0.6,0.1,0.4,0.1,0.4,0.2,0.5,0.3,0.2,0,0.1,0.1,0.2,0.4,0.4,0.4,0.7,0.1,0.1,5.5
Lake King, np , np , np , np , np , np , np , np , np , np , np , np , np , np , np , np , np , np , np , np 
Lakes Entrance,0.3,0,0.3,0.1,0.4,0.1,0.6,0.9,0.2,0,0.2,0.1,0.2,0.3,0.4,0.5,1,0.1,0.2,6
Orbost,0.4,0,0.2,0,0.2,0.1,0.3,0.4,0.2,0,0.1,0,0.1,0.2,0.3,0.4,0.6,0.1,0.1,3.8
Paynesville,0.1,0,0.2,0,0.2,0.1,0.4,0.3,0.1,0,0.1,0.1,0.2,0.2,0.2,0.4,0.6,0.1,0.1,3.6
Foster,0.6,0,0.2,0.1,0.3,0.2,0.4,0.4,0.2,0,0.2,0.1,0.2,0.3,0.2,0.5,0.6,0.1,0.1,4.9
French Island, np , np , np , np , np , np ,0, np ,0, np , np , np ,0, np , np , np ,0, np , np ,0
Korumburra,0.3,0,0.7,0,0.4,0.3,0.5,0.4,0.2,0,0.2,0.1,0.3,0.4,0.3,0.5,0.8,0.1,0.2,6
Leongatha,0.3,0.1,0.4,0.1,0.5,0.3,0.6,0.5,0.2,0.1,0.3,0.1,0.3,0.5,0.4,0.7,1,0.1,0.2,6.8
Phillip Island,0.1,0,0.2,0.1,0.5,0.2,0.7,1.3,0.3,0.1,0.3,0.3,0.3,0.4,0.3,0.7,0.8,0.5,0.2,7.4
Wilsons Promontory, np , np , np , np , np , np , np , np , np , np , np , np , np , np , np , np , np ,0, np ,0
Wonthaggi - Inverloch,0.3,0.1,0.7,0.3,1.1,0.5,1.6,1.3,0.4,0.1,0.5,0.3,0.6,0.8,0.7,1.3,2.2,0.4,0.5,14.1
Churchill,0.2,0.1,0.5,0.3,0.6,0.1,0.7,0.5,0.2,0.1,0.3,0.1,0.4,0.6,0.6,0.8,1.1,0.1,0.2,7.7
Moe - Newborough,0.3,0.1,0.7,0.3,0.9,0.2,1,0.6,0.3,0.1,0.5,0.1,0.4,1,0.7,0.7,1.5,0.1,0.3,10.2
Morwell,0.1,0.1,0.5,0.2,0.5,0.2,0.9,0.7,0.2,0.1,0.4,0.1,0.3,0.8,0.5,0.4,1.1,0.1,0.3,7.7
Traralgon,0.3,0.3,1.4,0.6,1.7,0.4,2,1.3,0.4,0.2,0.8,0.4,1,1.4,1.7,1.5,3,0.3,0.6,19.8
Yallourn North - Glengarry,0.2,0.1,0.3,0.1,0.3,0.1,0.3,0.2,0.1,0,0.1,0.1,0.1,0.3,0.3,0.2,0.5,0,0.1,3.4
Alps - West, np , np , np , np , np , np , np , np , np , np , np , np , np ,0, np , np , np , np , np ,0
Longford - Loch Sport,0.2,0.1,0.1,0,0.2,0.1,0.2,0.2,0.1,0,0.1,0.1,0.1,0.2,0.2,0.2,0.3,0,0.1,2.6
Maffra,0.8,0.2,0.7,0.2,0.8,0.2,0.9,0.6,0.3,0,0.3,0.2,0.4,0.7,0.5,0.9,1.2,0.2,0.2,9.5
Rosedale,0.4,0.1,0.2,0,0.2,0.1,0.2,0.2,0.1,0,0.1,0.1,0.1,0.2,0.2,0.2,0.3,0,0.1,2.7
Sale,0.4,0.3,0.5,0.1,0.6,0.1,1.1,0.9,0.2,0.1,0.3,0.2,0.4,0.8,0.9,1,1.4,0.1,0.2,9.8
Yarram,0.4,0.1,0.2,0,0.2,0.1,0.3,0.2,0.1,0,0.1,0,0.1,0.2,0.1,0.3,0.4,0,0.1,3.1
Brunswick,0.2,0,0.8,0.2,0.8,0.7,2,3.2,0.4,1,1.2,0.4,3.3,3,1.6,3.6,3,0.9,0.9,27.5
Brunswick East,0.1,0,0.4,0.1,0.3,0.4,0.9,1.5,0.2,0.5,0.6,0.2,1.7,1.3,0.8,1.7,1.4,0.4,0.4,13.1
Brunswick West,0.1,0,0.4,0.1,0.4,0.4,1.1,1.3,0.3,0.4,0.6,0.2,1.4,1.5,0.7,1.8,1.7,0.4,0.4,13.5
Coburg,0.1,0,0.8,0.1,0.9,0.7,1.9,2.2,0.5,0.7,1,0.3,2.3,2.3,1.4,2.9,2.7,0.6,0.7,22.7
Pascoe Vale South,0,0,0.3,0,0.4,0.3,0.8,0.6,0.3,0.2,0.5,0.1,0.8,0.7,0.5,0.9,0.9,0.3,0.2,8.1
Alphington - Fairfield,0,0,0.3,0.1,0.3,0.3,0.5,0.6,0.1,0.2,0.4,0.1,0.9,0.7,0.5,1,1.1,0.3,0.2,7.8
Northcote,0.1,0,0.7,0.2,0.7,0.6,1.5,1.7,0.3,0.8,1,0.3,2.9,2,1.6,3.1,3.1,0.7,0.7,22.4
Thornbury,0.1,0,0.6,0.1,0.6,0.5,1.3,1.4,0.4,0.6,0.7,0.3,1.8,1.6,1,2.1,2.2,0.5,0.5,16.4
Ascot Vale,0.1,0,0.5,0.1,0.5,0.4,1,1.1,0.4,0.3,0.7,0.2,1.4,1.4,0.8,1.3,1.5,0.5,0.4,12.7
Essendon - Aberfeldie,0.1,0,0.9,0.1,1.2,0.9,2.2,2,0.9,0.5,1.4,0.5,2.6,2.3,1.5,2.2,2.6,0.9,0.6,24
Flemington,0.1,0,0.2,0.1,0.2,0.2,0.6,1,0.2,0.2,0.4,0.1,1.1,1.2,0.5,0.9,1,0.3,0.2,8.8
Moonee Ponds,0.1,0,0.4,0.1,0.6,0.4,1.2,1.2,0.4,0.3,0.8,0.3,1.6,1.3,0.9,1.3,1.5,0.4,0.4,13.5
Carlton,0.1,0,0.3,0.1,0.3,0.3,1,2.6,0.2,0.4,0.5,0.3,1.9,1.7,0.5,1.9,1.4,0.3,0.4,14.4
Docklands,0.2,0,0.4,0.1,0.4,0.6,0.9,2.4,0.3,0.4,1.2,0.3,3.8,1.9,0.4,0.6,0.7,0.2,0.3,15.6
East Melbourne,0.1,0,0.1,0,0.1,0.1,0.3,0.4,0.1,0.1,0.3,0.1,0.8,0.5,0.3,0.5,0.6,0.1,0.1,4.7
Flemington Racecourse, np , np ,0, np , np , np ,0,0, np , np ,0,0,0,0,0,0,0,0, np ,0.1
Kensington (Vic.),0.1,0,0.3,0.1,0.3,0.3,0.7,1,0.2,0.3,0.6,0.1,1.4,1.1,0.6,1.2,1.2,0.4,0.3,10.4
Melbourne,1.2,0.1,0.9,0.2,0.8,1.2,3.2,13.7,0.6,0.8,1.9,1,5.9,5.9,0.7,2.3,1.9,0.8,1.2,45.2
North Melbourne,0.3,0,0.5,0.2,0.5,0.6,1.6,3.7,0.4,0.6,1,0.3,3.1,2.9,0.9,2.2,2.3,0.5,0.6,22.6
Parkville,0,0,0.1,0,0.1,0.1,0.4,0.8,0.1,0.1,0.3,0.1,0.7,0.6,0.3,1.1,0.7,0.2,0.2,6.1
South Yarra - West,0.1,0,0.2,0,0.2,0.2,0.4,0.7,0.1,0.4,0.5,0.2,1,0.7,0.3,0.5,0.7,0.2,0.1,6.6
Southbank,0.3,0.1,0.6,0.2,0.6,0.8,1.6,4.3,0.4,0.6,1.5,0.5,3.8,3.9,0.7,1.4,1.3,0.8,0.6,24.6
West Melbourne, np , np , np , np , np , np , np , np , np , np , np , np , np , np , np , np , np , np , np ,0
Albert Park,0.1,0.1,0.4,0.1,0.5,0.5,1,1.2,0.3,0.6,0.9,0.4,2.2,1.6,0.6,1,1.3,0.4,0.4,13.8
Elwood,0.1,0,0.5,0.1,0.6,0.6,1.1,1.3,0.2,0.6,0.8,0.4,1.9,1.8,0.7,1.4,1.5,0.5,0.4,14.9
Port Melbourne,0,0,0.6,0.1,0.6,0.7,0.9,0.9,0.4,0.4,1,0.3,1.9,1.3,0.6,0.8,1.1,0.4,0.4,12.9
Port Melbourne Industrial,0, np ,0.1,0,0.1,0.1,0.1,0.2,0,0,0.1,0,0.2,0.3,0,0.1,0.1,0,0,1.4
South Melbourne,0.1,0,0.4,0.1,0.4,0.4,0.7,1.1,0.3,0.4,0.7,0.3,1.9,1.3,0.5,0.8,0.9,0.3,0.4,11.1
St Kilda,0.9,0.1,0.9,0.2,1.4,1.1,2,4.4,0.6,1.1,1.6,0.7,4,6,1.1,2.1,2.6,0.9,0.9,33.3
St Kilda East,0.3,0,0.5,0.1,0.7,0.6,1.3,2,0.3,0.6,0.9,0.4,2.1,2.7,0.8,1.6,1.8,0.5,0.6,18.1
Armadale,0,0,0.3,0,0.3,0.3,0.7,0.6,0.1,0.2,0.6,0.3,1.2,0.8,0.3,0.7,0.9,0.2,0.2,8
Prahran - Windsor,0.2,0.1,0.6,0.2,0.8,0.8,1.7,2.2,0.3,0.7,1.3,0.5,3,2.9,0.7,1.5,2,0.6,0.6,21.1
South Yarra - East,0.2,0.1,0.6,0.1,0.7,0.8,1.7,2.1,0.3,0.7,1.4,0.5,3.7,2.8,0.7,1.6,2,0.6,0.5,21.7
Toorak,0.1,0,0.3,0,0.3,0.4,0.9,0.8,0.1,0.3,0.8,0.3,1.5,0.9,0.3,0.8,1.1,0.2,0.2,9.8
Abbotsford,0.1,0,0.3,0.1,0.3,0.3,0.7,1.1,0.2,0.3,0.5,0.2,1.4,1,0.4,0.8,1,0.3,0.3,9.5
Carlton North - Princes Hill,0,0,0.2,0,0.2,0.2,0.5,0.9,0.1,0.3,0.3,0.1,1.2,0.7,0.4,1.1,0.9,0.2,0.2,7.9
Collingwood,0.1,0,0.3,0.1,0.2,0.3,0.7,1.1,0.1,0.4,0.4,0.1,1.5,1.2,0.5,0.8,1,0.3,0.3,9.5
Fitzroy,0.1,0,0.3,0.1,0.2,0.3,0.7,1.3,0.2,0.4,0.4,0.1,1.6,1.2,0.6,1,1.2,0.3,0.3,10.4
Fitzroy North,0,0,0.4,0.1,0.3,0.3,0.8,1.1,0.1,0.4,0.5,0.1,1.7,1.1,0.7,1.5,1.5,0.4,0.4,11.8
Richmond (Vic.),0.2,0.1,1,0.2,1.3,1.1,2.3,2.9,0.5,1.2,2,0.6,4.6,3.6,1.5,2.4,3.4,1,0.8,31.3
Yarra - North,0,0,0.2,0.1,0.2,0.3,0.5,0.6,0.1,0.3,0.4,0.1,1.2,0.7,0.5,1.2,1.2,0.3,0.2,8.2
Ashburton (Vic.),0,0,0.2,0,0.2,0.2,0.5,0.4,0.1,0.1,0.4,0.1,0.8,0.4,0.2,0.6,0.7,0.2,0.1,5.5
Balwyn,0,0,0.4,0.1,0.4,0.5,1.1,0.8,0.1,0.2,0.6,0.3,1.4,0.8,0.4,1.2,1.6,0.3,0.3,11
Balwyn North,0,0,0.5,0.1,0.5,0.7,1.5,1,0.3,0.3,0.9,0.3,1.7,1,0.5,1.5,1.8,0.4,0.4,13.9
Camberwell,0,0,0.5,0.1,0.5,0.7,1.4,1.1,0.2,0.4,1,0.3,2.2,1.2,0.6,1.8,2,0.4,0.4,15.7
Glen Iris - East,0,0,0.5,0.1,0.4,0.6,1.2,0.9,0.2,0.3,0.9,0.3,1.8,1,0.6,1.4,1.7,0.3,0.3,12.8
Hawthorn,0.1,0,0.6,0.1,0.6,0.6,1.7,1.9,0.3,0.6,1.3,0.4,2.8,1.9,0.9,2.2,2.4,0.6,0.5,19.9
Hawthorn East,0.1,0,0.4,0.1,0.4,0.5,1.2,1.2,0.2,0.4,0.9,0.3,1.9,1.2,0.6,1.5,1.5,0.3,0.3,13.2
Kew,0.1,0,0.6,0.1,0.6,0.7,1.6,1.6,0.3,0.5,1.1,0.5,2.4,1.6,0.8,2.1,2.9,0.5,0.5,18.9
Kew East,0,0,0.2,0,0.2,0.2,0.4,0.4,0.1,0.1,0.3,0.1,0.6,0.4,0.2,0.6,0.8,0.1,0.1,4.9
Surrey Hills (West) - Canterbury,0,0,0.4,0.1,0.4,0.5,1.1,0.8,0.2,0.3,0.9,0.2,1.5,0.8,0.5,1.3,1.6,0.3,0.3,11.6
Bulleen,0,0,0.4,0,0.4,0.4,0.9,0.6,0.2,0.1,0.5,0.2,0.7,0.6,0.3,0.7,0.9,0.2,0.3,7.5
Doncaster,0,0,0.6,0.1,0.6,0.9,1.9,1.6,0.3,0.3,1,0.4,1.6,1.4,0.6,1.4,2,0.3,0.5,15.9
Templestowe,0,0,0.5,0.1,0.6,0.6,1.3,0.7,0.2,0.2,0.6,0.3,1.2,0.8,0.4,1,1.4,0.2,0.3,10.8
Templestowe Lower,0,0,0.4,0,0.4,0.4,1,0.5,0.2,0.2,0.5,0.2,0.9,0.7,0.4,0.9,1.1,0.2,0.3,8.7
Doncaster East (North),0,0,0.4,0.1,0.5,0.6,1.2,0.7,0.2,0.2,0.6,0.2,1,0.8,0.4,0.9,1.4,0.2,0.3,10.1
Doncaster East (South),0,0,0.4,0,0.4,0.5,1.1,0.8,0.2,0.2,0.6,0.2,0.9,0.7,0.4,0.7,1.2,0.2,0.3,9.4
Blackburn,0.1,0,0.7,0.1,0.7,0.7,1.5,1.2,0.3,0.4,1,0.3,1.9,1.4,0.9,1.8,2.2,0.4,0.6,16.3
Blackburn South,0,0,0.3,0,0.3,0.4,0.8,0.5,0.1,0.1,0.5,0.1,0.7,0.6,0.4,0.8,0.9,0.2,0.2,7.4
Box Hill,0,0,0.6,0.1,0.5,0.7,1.7,2.4,0.3,0.3,0.8,0.3,1.6,1.7,0.6,1.6,2,0.3,0.6,16.5
Box Hill North,0,0,0.5,0.1,0.5,0.6,1.2,1.2,0.2,0.3,0.8,0.3,1.3,1.2,0.6,1.4,1.9,0.2,0.5,12.9
Burwood,0,0,0.4,0,0.3,0.4,1.1,1.3,0.1,0.2,0.4,0.2,0.8,1.2,0.3,1,1.1,0.2,0.3,9.6
Burwood East,0,0,0.3,0,0.3,0.4,0.9,0.7,0.2,0.1,0.4,0.2,0.7,0.8,0.2,0.7,0.9,0.1,0.3,7.4
Surrey Hills (East) - Mont Albert,0,0,0.3,0.1,0.3,0.4,0.6,0.5,0.1,0.2,0.5,0.2,1,0.6,0.4,1,1.1,0.2,0.2,7.7
Beaumaris,0,0,0.5,0.1,0.5,0.5,0.9,0.6,0.2,0.2,0.6,0.2,1.2,0.7,0.4,1.1,1,0.3,0.2,9.6
Brighton (Vic.),0.1,0,0.5,0.1,0.6,0.8,1.3,1.1,0.3,0.4,1.2,0.5,2.3,1.3,0.6,1.5,1.6,0.4,0.4,15.7
Brighton East,0,0,0.5,0.1,0.5,0.5,1.1,0.7,0.2,0.3,0.7,0.3,1.5,0.9,0.4,1.1,1.2,0.3,0.3,11
Cheltenham - Highett (West),0,0,0.4,0.1,0.5,0.5,0.9,0.6,0.2,0.2,0.6,0.2,1.1,0.7,0.4,0.8,1,0.3,0.2,8.9
Hampton,0,0,0.5,0.1,0.6,0.6,1.3,1,0.3,0.3,0.9,0.3,1.8,1.1,0.5,1.3,1.4,0.3,0.4,13.1
Sandringham - Black Rock,0,0,0.5,0.1,0.6,0.6,1.1,0.8,0.2,0.3,0.8,0.3,1.6,1,0.5,1.2,1.3,0.3,0.3,12
Bentleigh - McKinnon,0,0,0.8,0.1,0.8,0.8,1.7,1.4,0.3,0.5,1.2,0.4,2.2,1.5,0.9,1.8,2.1,0.5,0.5,18
Carnegie,0.1,0,0.6,0.1,0.6,0.7,1.4,1.4,0.3,0.4,0.9,0.3,2,1.8,0.7,1.6,1.7,0.3,0.4,15.6
Caulfield - North,0.2,0,0.5,0.1,0.5,0.7,1.4,1.5,0.2,0.5,0.9,0.4,2.3,1.8,0.6,2.3,2.1,0.4,0.6,17.5
Caulfield - South,0.1,0,0.4,0.1,0.5,0.6,1.2,1,0.2,0.4,0.7,0.3,1.7,1.3,0.5,1.6,1.6,0.3,0.4,13.3
Elsternwick,0.1,0,0.3,0.1,0.4,0.4,0.8,0.8,0.1,0.3,0.6,0.2,1.3,1.1,0.4,1,1.1,0.3,0.3,9.9
Hughesdale,0,0,0.2,0,0.2,0.3,0.6,0.5,0.1,0.1,0.4,0.1,0.7,0.6,0.2,0.6,0.7,0.1,0.2,5.9
Murrumbeena,0,0,0.3,0.1,0.3,0.3,0.8,0.6,0.1,0.2,0.4,0.1,0.9,0.8,0.4,0.9,0.9,0.2,0.2,7.6
Ormond - Glen Huntly,0,0,0.4,0.1,0.4,0.5,1.1,1.2,0.2,0.3,0.7,0.2,1.6,1.3,0.5,1.1,1.3,0.3,0.3,11.7
Bentleigh East (North),0,0,0.5,0.1,0.5,0.6,1.2,0.7,0.2,0.3,0.8,0.2,1.2,0.9,0.5,1.1,1.3,0.3,0.3,11.2
Bentleigh East (South),0,0,0.5,0.1,0.5,0.5,1,0.7,0.2,0.2,0.6,0.2,1,0.9,0.5,0.9,1.2,0.2,0.2,9.7
Aspendale Gardens - Waterways,0,0,0.6,0,0.4,0.4,0.8,0.4,0.2,0.1,0.4,0.1,0.5,0.5,0.3,0.5,0.8,0.1,0.2,6.5
Braeside, np , np ,0, np ,0,0,0,0,0, np ,0, np ,0,0, np ,0, np ,0,0,0.1
Carrum - Patterson Lakes,0,0,0.7,0.1,0.8,0.5,0.8,0.5,0.2,0.1,0.4,0.2,0.6,0.7,0.4,0.6,1,0.2,0.3,8.5
Chelsea - Bonbeach,0,0,0.7,0.1,0.8,0.5,1,0.6,0.2,0.2,0.6,0.2,0.9,1.1,0.6,1,1.3,0.2,0.3,10.6
Chelsea Heights,0,0,0.4,0,0.3,0.3,0.4,0.2,0.1,0,0.2,0.1,0.3,0.3,0.2,0.3,0.5,0.1,0.1,3.9
Cheltenham - Highett (East),0,0,1,0.1,1,0.9,1.8,1.3,0.4,0.4,1.1,0.4,1.7,1.5,0.9,1.5,2.1,0.4,0.5,17.5
Edithvale - Aspendale,0,0,0.6,0.1,0.7,0.5,0.9,0.6,0.2,0.2,0.5,0.2,0.9,0.8,0.6,1.2,1.1,0.3,0.3,9.9
Mentone,0,0,0.5,0.1,0.6,0.5,1,0.6,0.2,0.2,0.6,0.2,1,0.9,0.6,1,1.2,0.2,0.3,10.1
Moorabbin - Heatherton,0,0,0.3,0,0.4,0.4,0.7,0.5,0.2,0.2,0.4,0.1,0.6,0.6,0.3,0.5,0.8,0.2,0.2,6.7
Moorabbin Airport, np , np , np , np , np , np , np , np , np , np , np , np , np , np , np ,0, np , np , np ,0
Mordialloc - Parkdale,0,0,0.9,0.1,1.1,0.9,1.4,0.9,0.3,0.3,0.9,0.3,1.5,1.3,0.8,1.6,1.9,0.4,0.4,15.6
Malvern - Glen Iris,0.1,0.1,0.6,0.1,0.5,0.7,1.4,1.3,0.2,0.5,1.2,0.4,2.3,1.5,0.7,1.6,2.1,0.4,0.4,16.3
Malvern East,0.1,0,0.6,0.1,0.6,0.7,1.6,1.5,0.3,0.4,1.1,0.4,2.2,1.5,0.6,1.8,2.1,0.4,0.4,16.8
Bundoora - East,0,0,0.4,0,0.4,0.3,0.7,0.6,0.2,0.1,0.3,0.1,0.5,0.7,0.4,0.7,1,0.1,0.2,6.9
Greensborough,0,0,0.7,0.1,1.1,0.6,1.3,0.8,0.5,0.3,0.8,0.2,1.3,1,1,1.9,2.1,0.4,0.5,15
Heidelberg - Rosanna,0,0,0.4,0.1,0.5,0.4,0.9,0.7,0.2,0.3,0.6,0.2,1.3,0.9,0.7,1.4,1.9,0.3,0.3,11.4
Heidelberg West,0,0,0.6,0.1,0.5,0.4,1,0.8,0.3,0.2,0.5,0.2,0.8,1.3,0.7,1.1,1.8,0.2,0.4,11
Ivanhoe,0,0,0.4,0.1,0.4,0.4,0.8,0.6,0.2,0.3,0.6,0.2,1.2,0.7,0.5,1.2,1.4,0.2,0.3,9.7
Ivanhoe East - Eaglemont,0,0,0.2,0,0.3,0.2,0.5,0.3,0.1,0.1,0.3,0.1,0.8,0.4,0.3,0.7,0.8,0.2,0.1,5.8
Montmorency - Briar Hill,0,0,0.5,0.1,0.9,0.5,0.9,0.5,0.3,0.2,0.5,0.2,1.1,0.8,0.8,1.5,1.6,0.3,0.4,11.5
Viewbank - Yallambie,0,0,0.6,0.1,0.7,0.5,1,0.7,0.3,0.3,0.8,0.2,1.2,1,1.1,1.5,1.8,0.3,0.4,12.7
Watsonia,0,0,0.3,0.1,0.5,0.3,0.6,0.3,0.2,0.1,0.3,0.1,0.5,0.5,0.4,0.7,1,0.2,0.2,6.5
Kingsbury,0,0,0.4,0,0.3,0.3,0.9,1,0.2,0.1,0.3,0.1,0.7,1,0.4,0.8,1,0.2,0.3,8.3
Reservoir - East,0.1,0,1.2,0.1,1,0.8,2,1.9,0.6,0.3,1,0.3,1.6,2.5,1.2,1.7,2.7,0.4,0.7,20.5
Reservoir - West,0.1,0,0.9,0.1,0.9,0.8,1.6,1.5,0.5,0.3,0.9,0.3,1.2,2,1,1.4,2.1,0.4,0.6,17.1
Preston - East,0.1,0,0.8,0.1,0.7,0.6,1.6,1.7,0.4,0.5,0.8,0.2,1.6,1.8,1,1.8,2.2,0.4,0.6,17.2
Preston - West,0,0,0.4,0.1,0.4,0.3,0.9,0.9,0.2,0.3,0.5,0.2,1,1,0.7,1.3,1.2,0.3,0.4,10.2
Eltham,0,0,0.8,0.1,1.2,0.7,1.5,0.8,0.4,0.3,0.8,0.3,1.7,1.2,1,2.3,2.2,0.6,0.5,17.1
Hurstbridge,0,0,0.1,0,0.3,0.1,0.2,0.1,0.1,0.1,0.1,0,0.2,0.2,0.2,0.4,0.3,0.1,0.1,2.7
Kinglake,0.1,0,0.2,0,0.3,0.1,0.2,0.2,0.1,0,0.1,0,0.2,0.2,0.2,0.2,0.3,0.1,0.1,2.8
Panton Hill - St Andrews,0,0,0.2,0,0.5,0.2,0.3,0.2,0.1,0.1,0.1,0.1,0.3,0.2,0.2,0.4,0.4,0.1,0.1,3.5
Plenty - Yarrambat,0,0,0.4,0.1,0.7,0.4,0.7,0.4,0.2,0.1,0.4,0.1,0.5,0.5,0.4,0.7,0.8,0.2,0.2,7
Research - North Warrandyte,0,0,0.2,0,0.5,0.2,0.4,0.3,0.1,0.1,0.2,0.1,0.5,0.3,0.3,0.6,0.6,0.2,0.2,5
Wattle Glen - Diamond Creek,0,0,0.6,0.1,1.1,0.5,1.1,0.6,0.3,0.2,0.5,0.2,0.8,0.8,0.7,1.3,1.5,0.3,0.4,11.2
Bundoora - North,0,0,0.3,0,0.3,0.3,0.7,0.5,0.2,0.1,0.3,0.1,0.4,0.6,0.3,0.5,0.7,0.1,0.2,5.5
Bundoora - West,0,0,0.3,0,0.3,0.2,0.5,0.4,0.2,0.1,0.2,0.1,0.2,0.5,0.2,0.4,0.6,0.1,0.1,4.3
Lalor,0,0,1.2,0.1,0.8,0.6,1.5,1.3,0.6,0.2,0.7,0.2,0.7,2,0.7,0.8,1.7,0.2,0.5,14.1
Mill Park - North,0,0,0.9,0.1,0.9,0.6,1.7,0.8,0.5,0.2,0.7,0.2,0.8,1.4,0.7,1,1.8,0.3,0.4,13.4
Mill Park - South,0,0,0.6,0.1,0.5,0.3,0.9,0.5,0.4,0.1,0.3,0.1,0.5,0.9,0.5,0.7,1.2,0.2,0.2,8.2
Thomastown,0,0,1.2,0.1,0.7,0.6,1.3,1.2,0.5,0.2,0.6,0.2,0.7,1.8,0.6,0.6,1.5,0.2,0.5,12.9
Wallan,0.1,0,1.2,0.1,1.6,0.7,1.4,1,0.9,0.1,0.6,0.3,0.7,1.4,1,0.9,1.8,0.2,0.5,14.8
Whittlesea,0,0,0.4,0.1,0.8,0.2,0.6,0.4,0.2,0.1,0.3,0.1,0.3,0.5,0.4,0.5,0.7,0.2,0.2,6
Doreen,0,0,1.1,0.1,1.8,0.8,1.8,1,0.7,0.2,1,0.3,1,1.6,1.1,1.7,2.5,0.3,0.7,18.3
Epping - East,0,0,0.7,0.1,0.6,0.4,1.1,0.6,0.4,0.1,0.4,0.1,0.4,1.1,0.5,0.5,1.2,0.1,0.3,8.9
Epping - South,0,0,0.5,0,0.3,0.3,0.6,0.5,0.3,0.1,0.2,0.1,0.3,0.7,0.3,0.3,0.8,0.1,0.2,5.7
Epping - West,0,0,0.6,0.1,0.4,0.3,0.8,0.5,0.4,0.1,0.4,0.1,0.5,1,0.4,0.4,1.3,0.1,0.3,8
Mernda,0,0,0.9,0.1,1,0.7,1.8,1,0.7,0.2,0.8,0.2,0.9,1.8,1,1,2.8,0.3,0.5,16.2
South Morang (North),0,0,0.6,0.1,0.7,0.4,1.2,0.6,0.4,0.1,0.4,0.1,0.6,0.9,0.6,0.7,1.3,0.2,0.2,9.4
South Morang (South),0,0,0.6,0.1,0.7,0.4,1.1,0.6,0.4,0.1,0.4,0.1,0.5,0.9,0.5,0.6,1.4,0.2,0.3,9.2
Wollert,0,0,0.9,0.1,0.8,0.5,1.2,0.9,0.7,0.2,0.6,0.2,0.7,1.6,0.6,0.6,2.3,0.1,0.4,12.7
Airport West,0,0,0.3,0,0.5,0.3,0.5,0.4,0.4,0.1,0.3,0.1,0.4,0.6,0.4,0.5,0.6,0.1,0.2,6
Essendon Airport, np , np , np , np , np , np , np ,0, np , np , np , np , np , np , np , np , np , np , np ,0
Keilor,0,0,0.3,0,0.5,0.3,0.6,0.4,0.3,0.1,0.3,0.1,0.4,0.6,0.3,0.5,0.6,0.2,0.2,5.9
Keilor East,0,0,0.9,0.1,1.2,0.8,1.9,1,0.8,0.3,1.1,0.3,1.4,1.7,1,1.4,1.9,0.5,0.5,17.5
Niddrie - Essendon West,0,0,0.3,0,0.4,0.2,0.5,0.4,0.3,0.1,0.4,0.1,0.5,0.5,0.3,0.5,0.6,0.2,0.2,5.7
Strathmore,0,0,0.3,0,0.5,0.3,0.7,0.5,0.3,0.1,0.4,0.2,0.7,0.6,0.4,0.8,0.8,0.3,0.2,7.6
Gisborne,0.1,0,0.5,0.1,1,0.3,0.8,0.6,0.5,0.1,0.5,0.2,0.7,0.6,0.7,1,1.1,0.2,0.3,9.5
Macedon,0,0,0.1,0,0.2,0.1,0.2,0.1,0.1,0,0.1,0,0.2,0.1,0.2,0.3,0.3,0.1,0,2.3
Riddells Creek,0,0,0.2,0,0.3,0.1,0.2,0.2,0.2,0,0.2,0.1,0.2,0.2,0.3,0.3,0.3,0.1,0.1,3.1
Romsey,0.2,0,0.4,0,0.8,0.3,0.6,0.4,0.5,0.1,0.3,0.2,0.4,0.5,0.5,0.5,0.7,0.2,0.2,7.1
Coburg North,0,0,0.3,0,0.3,0.3,0.5,0.5,0.2,0.2,0.3,0.1,0.6,0.7,0.4,0.7,0.8,0.2,0.2,6.4
Fawkner,0,0,0.5,0.1,0.5,0.3,0.9,0.9,0.3,0.2,0.4,0.1,0.6,1.2,0.6,0.7,1,0.2,0.3,8.9
Pascoe Vale,0.1,0,0.9,0.1,1.1,0.8,1.6,1.8,0.7,0.4,1.2,0.4,1.9,2.3,1.2,1.8,2.5,0.5,0.5,20.2
Glenroy,0,0,0.9,0.1,0.9,0.6,1.7,2.4,0.6,0.3,0.9,0.3,1.4,2.8,1,1.2,2.3,0.3,0.6,18.6
Gowanbrae,0, np ,0.1,0,0.2,0.1,0.2,0.1,0.2,0,0.2,0,0.2,0.2,0.1,0.2,0.2,0.1,0.1,2.2
Hadfield,0,0,0.2,0,0.3,0.1,0.4,0.3,0.2,0.1,0.2,0.1,0.3,0.4,0.2,0.3,0.4,0.1,0.1,3.8
Sunbury,0,0,0.6,0.1,0.9,0.5,1,0.7,0.7,0.1,0.4,0.2,0.5,0.9,0.7,0.8,1.1,0.2,0.3,9.9
Sunbury - South,0.1,0,1.2,0.2,1.9,1,2.1,1.6,1.7,0.3,1.1,0.4,1.3,2.2,1.6,1.6,2.7,0.4,0.7,22.6
Broadmeadows,0,0,0.7,0.1,0.4,0.3,0.7,1,0.4,0.1,0.3,0.1,0.4,1.5,0.5,0.4,0.8,0.1,0.3,8.2
Campbellfield - Coolaroo,0,0,0.7,0.1,0.5,0.4,0.8,0.7,0.4,0.1,0.4,0.1,0.3,1.2,0.5,0.4,0.7,0.1,0.3,7.7
Gladstone Park - Westmeadows,0,0,0.9,0.1,0.9,0.6,1.2,0.9,0.9,0.1,0.6,0.3,0.7,1.4,0.8,0.9,1.2,0.2,0.4,12.3
Greenvale - Bulla,0,0,0.8,0.1,1.2,0.6,1.5,0.9,1,0.2,0.7,0.3,0.9,1.4,0.8,1.1,1.3,0.2,0.5,14.1
Meadow Heights,0,0,0.7,0,0.4,0.3,0.8,0.5,0.4,0.1,0.3,0.1,0.3,1.1,0.5,0.5,0.7,0.1,0.2,7.1
Melbourne Airport, np , np ,0, np ,0,0,0,0,0, np ,0, np , np ,0,0, np , np ,0,0,0.1
Roxburgh Park - Somerton,0,0,1,0.1,0.7,0.5,1.5,1.1,0.7,0.1,0.6,0.2,0.7,1.8,0.8,0.9,1.4,0.1,0.3,12.9
Tullamarine,0, np ,0.3,0,0.3,0.2,0.4,0.4,0.4,0.1,0.2,0.1,0.3,0.6,0.3,0.3,0.4,0.1,0.2,4.5
Craigieburn - Central,0,0,0.6,0,0.3,0.3,0.6,0.4,0.4,0,0.3,0.1,0.2,0.8,0.3,0.3,0.6,0.1,0.2,5.6
Craigieburn - North,0,0,0.7,0.1,0.5,0.4,0.9,0.6,0.5,0.1,0.4,0.1,0.4,1.2,0.5,0.4,1.1,0.1,0.2,8.6
Craigieburn - South,0,0,1.1,0.1,0.8,0.6,1.4,1.1,0.8,0.2,0.6,0.2,0.7,1.7,0.7,0.6,1.6,0.2,0.4,13.2
Craigieburn - West,0,0,1,0.1,0.6,0.5,1.3,1.2,0.8,0.2,0.6,0.2,0.8,1.8,0.7,0.6,1.8,0.1,0.4,12.9
Mickleham - Yuroke,0,0,1,0.1,0.8,0.5,1.1,0.8,1,0.1,0.5,0.2,0.6,1.6,0.6,0.5,1.7,0.1,0.4,11.9
Bayswater,0,0,0.8,0.1,0.7,0.6,0.9,0.6,0.2,0.1,0.4,0.2,0.6,0.9,0.4,0.6,1.3,0.2,0.4,9.3
Knoxfield - Scoresby,0,0,1,0.1,0.7,0.9,1.2,0.8,0.3,0.2,0.6,0.2,1,1.1,0.5,0.9,1.5,0.2,0.4,12
Lysterfield,0,0,0.4,0.1,0.5,0.4,0.7,0.3,0.1,0.1,0.2,0.1,0.4,0.4,0.2,0.4,0.5,0.1,0.2,5.2
Rowville - Central,0,0,0.9,0.1,0.8,0.9,1.5,0.6,0.3,0.2,0.6,0.2,0.9,1,0.5,0.9,1.4,0.2,0.4,11.7
Rowville - North,0,0,0.5,0,0.4,0.5,0.7,0.4,0.2,0.1,0.3,0.1,0.5,0.4,0.3,0.5,0.6,0.1,0.2,5.9
Rowville - South,0,0,0.7,0.1,0.6,0.6,1.1,0.6,0.2,0.1,0.4,0.1,0.6,0.7,0.3,0.7,0.9,0.2,0.3,8.2
Wantirna,0,0,0.7,0.1,0.5,0.6,1.1,0.6,0.2,0.2,0.5,0.2,0.9,0.8,0.4,0.9,1.4,0.2,0.4,10
Wantirna South,0,0,0.9,0.1,0.6,0.8,1.4,0.9,0.3,0.3,0.8,0.3,1.1,1.1,0.5,1.2,1.7,0.3,0.4,13
Boronia,0.1,0,1.4,0.1,1.2,1,1.8,0.9,0.4,0.3,0.8,0.3,1.3,1.6,0.8,1.3,2.1,0.3,0.6,16.6
Ferntree Gully (North),0.1,0,0.7,0.1,0.8,0.6,1.2,0.6,0.3,0.1,0.4,0.2,0.7,0.9,0.5,0.8,1.3,0.2,0.4,10
Ferntree Gully (South) - Upper Ferntree Gully,0,0,0.9,0.1,0.9,0.8,1.2,0.7,0.3,0.2,0.5,0.2,0.8,1.1,0.5,0.9,1.3,0.2,0.4,11.5
The Basin,0,0,0.3,0,0.3,0.2,0.3,0.1,0.1,0.1,0.2,0.1,0.2,0.2,0.2,0.3,0.4,0.1,0.2,3.2
Donvale - Park Orchards,0,0,0.5,0.1,0.8,0.6,1.3,0.7,0.2,0.2,0.7,0.2,1.2,0.8,0.5,1.1,1.4,0.3,0.4,11.3
Warrandyte - Wonga Park,0,0,0.4,0,0.7,0.3,0.9,0.4,0.1,0.1,0.4,0.1,0.7,0.4,0.3,0.8,0.9,0.2,0.2,7.4
Bayswater North,0,0,0.8,0.1,0.8,0.5,1,0.5,0.2,0.1,0.3,0.1,0.6,0.8,0.4,0.6,1.2,0.2,0.3,8.9
Croydon Hills - Warranwood,0.1,0,0.8,0.1,1.2,0.7,1.6,0.7,0.3,0.3,0.6,0.3,1.1,0.9,0.8,1.6,1.7,0.3,0.5,13.8
Ringwood,0.1,0,0.8,0.1,0.8,0.7,1.3,1,0.3,0.3,0.7,0.2,1.3,1.2,0.6,1.3,1.8,0.3,0.5,13.5
Ringwood East,0.1,0,0.9,0.1,0.9,0.7,1.4,1,0.3,0.4,0.7,0.3,1.4,1.2,0.9,1.7,2.1,0.3,0.5,15.1
Ringwood North,0,0,0.3,0,0.5,0.3,0.8,0.4,0.2,0.1,0.3,0.1,0.7,0.5,0.4,0.8,0.9,0.2,0.2,6.9
Croydon - East,0.1,0,1,0.1,0.9,0.6,1,0.6,0.3,0.2,0.5,0.2,0.8,1,0.6,1,1.6,0.2,0.4,11.2
Croydon - West,0.1,0,0.7,0.1,0.7,0.5,1,0.6,0.2,0.2,0.5,0.2,0.8,0.8,0.5,0.9,1.3,0.2,0.3,9.7
Croydon South,0, np ,0.3,0,0.3,0.2,0.3,0.2,0.1,0,0.2,0.1,0.3,0.3,0.2,0.3,0.5,0.1,0.1,3.5
Forest Hill,0,0,0.4,0,0.3,0.4,0.8,0.6,0.2,0.2,0.4,0.1,0.7,0.7,0.3,0.7,0.9,0.2,0.2,7.4
Mitcham (Vic.),0,0,0.6,0.1,0.6,0.6,1.2,0.8,0.2,0.3,0.8,0.2,1.4,1.1,0.7,1.3,1.6,0.3,0.4,12.7
Nunawading,0,0,0.4,0.1,0.4,0.4,0.8,0.7,0.2,0.2,0.5,0.1,0.9,0.8,0.4,0.9,1.2,0.2,0.3,8.9
Vermont,0,0,0.4,0.1,0.4,0.4,0.7,0.5,0.1,0.2,0.4,0.1,0.7,0.6,0.3,0.8,0.9,0.1,0.3,7.3
Vermont South,0,0,0.4,0,0.4,0.4,0.9,0.6,0.1,0.2,0.4,0.2,0.8,0.7,0.3,0.9,0.9,0.2,0.3,7.9
Belgrave - Selby,0.1,0,0.4,0.1,0.6,0.4,0.7,0.4,0.2,0.2,0.3,0.1,0.6,0.5,0.4,1,0.9,0.2,0.3,7.5
Chirnside Park,0.1,0,0.6,0.1,0.8,0.4,0.9,0.5,0.2,0.1,0.4,0.2,0.6,0.6,0.4,0.7,1,0.2,0.3,8.2
Healesville - Yarra Glen,0.3,0,0.9,0.1,1,0.4,0.9,0.9,0.2,0.1,0.3,0.1,0.6,0.6,0.4,0.8,1,0.2,0.4,9.5
Kilsyth,0,0,0.7,0.1,0.7,0.4,0.7,0.3,0.1,0.1,0.3,0.1,0.4,0.5,0.3,0.5,0.9,0.1,0.3,6.6
Lilydale - Coldstream,0.2,0,1.1,0.1,1.5,0.7,1.5,0.9,0.3,0.2,0.6,0.3,0.8,1,0.7,1.2,1.7,0.3,0.6,13.9
Monbulk - Silvan,0.3,0,0.2,0,0.4,0.3,0.4,0.3,0.1,0,0.1,0.1,0.2,0.3,0.2,0.3,0.4,0.1,0.2,4.1
Montrose,0,0,0.4,0,0.5,0.3,0.4,0.3,0.1,0.1,0.2,0.1,0.3,0.4,0.3,0.4,0.6,0.1,0.2,4.8
Mooroolbark,0.1,0,1.4,0.1,1.5,0.9,1.8,1,0.3,0.2,0.7,0.3,1.1,1.4,0.9,1.5,2.2,0.3,0.7,16.8
Mount Dandenong - Olinda,0.1,0,0.4,0,0.5,0.3,0.5,0.5,0.2,0.1,0.3,0.1,0.6,0.5,0.4,0.9,0.8,0.2,0.2,6.9
Mount Evelyn,0.1,0,0.6,0,0.9,0.4,0.7,0.4,0.2,0.1,0.2,0.1,0.4,0.5,0.4,0.7,0.9,0.2,0.3,7.2
Upwey - Tecoma,0,0,0.5,0.1,0.6,0.4,0.7,0.4,0.2,0.2,0.3,0.1,0.6,0.6,0.5,1,1,0.2,0.3,7.6
Wandin - Seville,0.3,0,0.5,0,0.8,0.4,0.6,0.3,0.1,0,0.2,0.1,0.3,0.4,0.2,0.4,0.7,0.1,0.3,6
Yarra Valley,0.4,0,0.9,0.1,1.3,0.5,1,0.7,0.3,0.1,0.4,0.2,0.5,0.8,0.4,1,1.4,0.2,0.5,11.2
Beaconsfield - Officer,0.1,0,1.3,0.1,1.4,1,1.8,1.1,0.5,0.2,0.8,0.3,1,1.6,0.7,1.3,2.2,0.4,0.5,16.7
Bunyip - Garfield,0.2,0,0.5,0.1,0.9,0.4,0.6,0.3,0.2,0.1,0.2,0.1,0.4,0.5,0.3,0.5,0.7,0.3,0.3,6.5
Emerald - Cockatoo,0.3,0,1.1,0.1,1.5,0.8,1.3,0.7,0.3,0.2,0.5,0.3,0.8,1,0.5,1.3,1.5,0.3,0.5,13.3
Koo Wee Rup,0.5,0,0.6,0.1,0.7,0.3,0.6,0.3,0.3,0,0.2,0.1,0.2,0.5,0.2,0.3,0.7,0.2,0.2,6.2
Pakenham - North,0.1,0,1.4,0.1,1.4,0.9,1.8,0.9,0.6,0.2,0.5,0.3,0.7,1.6,0.6,0.9,2,0.4,0.6,15.4
Pakenham - South,0.2,0,2.2,0.2,1.8,1.2,2.4,1.6,0.9,0.3,0.9,0.4,1.1,2.6,0.9,1.3,3.1,0.4,0.8,22.7
Berwick - North,0.1,0,1.2,0.1,1.3,1,1.8,0.9,0.4,0.2,0.8,0.3,1.1,1.3,0.7,1.5,1.9,0.4,0.5,16.1
Berwick - South,0.1,0,1.7,0.2,1.4,1.2,2.2,1.3,0.6,0.4,0.9,0.3,1.5,2.2,0.9,1.6,2.8,0.5,0.6,20.8
Doveton,0,0,1,0.1,0.4,0.4,0.7,0.4,0.3,0.1,0.2,0.1,0.3,1.3,0.3,0.3,0.8,0.1,0.2,6.9
Hallam,0,0,0.8,0.1,0.5,0.4,0.7,0.4,0.2,0.1,0.3,0.1,0.3,1.2,0.3,0.3,0.9,0.1,0.2,7.2
Narre Warren North,0,0,0.4,0,0.7,0.3,0.6,0.3,0.1,0.1,0.2,0.1,0.4,0.4,0.2,0.4,0.5,0.1,0.2,5.4
Endeavour Hills - North,0,0,0.8,0.1,0.5,0.5,0.9,0.4,0.3,0.1,0.4,0.1,0.5,0.9,0.3,0.5,1,0.1,0.2,8
Endeavour Hills - South,0,0,0.8,0.1,0.5,0.5,1,0.5,0.3,0.1,0.4,0.1,0.6,1.2,0.4,0.6,1.1,0.1,0.3,9
Narre Warren - North East,0,0,1,0.1,0.8,0.6,1.2,0.5,0.3,0.2,0.4,0.1,0.6,1.1,0.4,0.7,1.1,0.2,0.4,9.8
Narre Warren - South West,0.1,0,1.2,0.1,0.6,0.7,1.2,0.6,0.4,0.1,0.4,0.2,0.5,1.4,0.4,0.5,1.2,0.2,0.4,10.4
Cranbourne,0.1,0,1.7,0.2,1.1,0.9,1.6,1,0.6,0.1,0.5,0.2,0.7,2,0.5,0.6,1.8,0.3,0.6,14.7
Cranbourne East,0.2,0,3.7,0.3,2.3,2.1,4.1,2.5,1.4,0.5,1.7,0.5,2,5.1,1.4,1.8,7.3,0.5,1.2,39.5
Cranbourne North,0.1,0,1.7,0.2,1.1,1.1,2,1,0.6,0.2,0.7,0.2,0.9,2.3,0.6,0.8,2.4,0.3,0.5,17.2
Cranbourne South,0.1,0,0.9,0.1,1.2,0.6,1.1,0.5,0.3,0.1,0.4,0.2,0.6,1,0.4,0.6,1.4,0.3,0.4,10.6
Cranbourne West,0.1,0,1.6,0.2,0.9,0.8,1.5,0.9,0.6,0.1,0.5,0.2,0.7,2,0.4,0.5,2.4,0.2,0.5,14.6
Hampton Park - Lynbrook,0.2,0,2.5,0.2,0.9,1.1,1.7,1,0.7,0.2,0.6,0.2,0.8,2.9,0.6,0.6,2,0.2,0.6,17.4
Lynbrook - Lyndhurst,0.1,0,1.4,0.1,0.5,0.8,1.3,0.7,0.5,0.2,0.6,0.2,0.9,1.6,0.4,0.6,1.8,0.1,0.4,12.6
Pearcedale - Tooradin,0.1,0,0.5,0,0.8,0.3,0.6,0.3,0.2,0,0.2,0.1,0.3,0.4,0.2,0.4,0.6,0.1,0.2,5.6
Narre Warren South (East),0,0,0.9,0.1,0.8,0.6,1.2,0.6,0.3,0.2,0.4,0.2,0.5,1,0.4,0.6,1.1,0.2,0.3,9.6
Narre Warren South (West),0,0,1.2,0.1,0.8,0.8,1.3,0.7,0.4,0.1,0.5,0.2,0.6,1.5,0.4,0.6,1.3,0.2,0.4,11.4
Clarinda - Oakleigh South,0,0,0.6,0,0.4,0.4,0.9,0.5,0.3,0.2,0.4,0.1,0.6,0.8,0.3,0.5,1,0.1,0.3,7.7
Clayton South,0.1,0,0.8,0.1,0.4,0.6,1,1.1,0.3,0.1,0.4,0.2,0.8,1.9,0.3,0.5,1.2,0.1,0.4,10.5
Dandenong,0.2,0,2.7,0.2,0.9,1.1,1.8,1.5,0.5,0.2,0.7,0.2,0.9,4.1,0.6,0.7,2.5,0.2,0.6,20.1
Dandenong North,0.1,0,1.6,0.1,0.8,0.8,1.5,1,0.4,0.2,0.6,0.2,0.8,2.3,0.5,0.8,1.9,0.2,0.5,14.7
Dingley Village,0,0,0.6,0.1,0.5,0.5,0.9,0.5,0.2,0.1,0.4,0.2,0.6,0.6,0.3,0.7,0.8,0.2,0.3,7.3
Keysborough,0.2,0,2.7,0.2,0.9,1.4,2.3,1.4,0.6,0.2,1,0.3,1.4,2.5,0.6,1.1,2.3,0.2,0.8,21
Noble Park North,0,0,0.5,0,0.3,0.3,0.5,0.4,0.2,0.1,0.2,0.1,0.3,0.7,0.1,0.3,0.6,0.1,0.2,5
Springvale,0.5,0,2,0.1,0.5,1,1.7,1.9,0.3,0.2,0.6,0.2,1,2.8,0.3,0.6,1.6,0.2,0.8,16.7
Springvale South,0.3,0,1.4,0.1,0.3,0.6,0.9,0.7,0.2,0.1,0.3,0.1,0.5,1.5,0.2,0.3,0.7,0.1,0.4,8.9
Noble Park - East,0.2,0,1.1,0.1,0.3,0.5,0.9,0.9,0.3,0.1,0.4,0.1,0.6,2,0.4,0.5,1.3,0.1,0.4,10.3
Noble Park - West,0.4,0,2,0.1,0.5,0.8,1.4,1.2,0.4,0.1,0.5,0.1,0.8,2.8,0.4,0.6,1.6,0.1,0.6,14.6
Ashwood - Chadstone,0,0,0.7,0.1,0.6,0.7,1.6,1.3,0.3,0.3,0.9,0.3,1.6,1.6,0.6,1.4,1.8,0.3,0.5,14.9
Clayton,0.1,0,0.8,0.1,0.5,0.8,1.5,2,0.2,0.3,0.5,0.2,1.4,2.6,0.3,2.1,1.7,0.2,0.5,16.3
Glen Waverley - East,0,0,0.8,0.1,0.5,0.8,1.4,1.2,0.3,0.3,0.9,0.3,1.6,1.2,0.6,1.4,1.6,0.3,0.4,13.9
Glen Waverley - West,0,0,0.7,0.1,0.4,0.8,1.5,1.3,0.3,0.3,0.8,0.3,1.6,1.3,0.5,1.2,1.6,0.2,0.4,13.8
Mount Waverley - North,0,0,0.5,0.1,0.4,0.6,1.2,0.8,0.2,0.3,0.6,0.2,1.4,1.1,0.4,1.1,1.2,0.2,0.3,11
Mount Waverley - South,0,0,0.6,0.1,0.6,0.7,1.3,1,0.3,0.3,0.8,0.2,1.6,1.3,0.6,1.4,1.5,0.2,0.4,13.5
Mulgrave,0,0,1,0.1,0.7,0.8,1.5,1,0.3,0.2,0.8,0.2,1.1,1.6,0.6,1.1,1.7,0.2,0.5,13.8
Oakleigh - Huntingdale,0,0,0.9,0.1,0.8,0.9,1.9,1.6,0.4,0.4,0.9,0.3,1.8,1.9,0.7,1.8,2,0.3,0.5,17.6
Wheelers Hill,0,0,0.8,0.1,0.6,0.9,1.4,0.9,0.2,0.3,0.8,0.3,1.3,1.1,0.5,1.3,1.5,0.2,0.3,12.9
Ardeer - Albion,0,0,0.4,0,0.3,0.2,0.5,0.7,0.2,0.1,0.3,0.1,0.4,1.2,0.3,0.3,0.7,0.1,0.2,6.3
Cairnlea,0,0,0.6,0,0.3,0.3,0.8,0.6,0.4,0.1,0.4,0.1,0.4,0.9,0.3,0.4,0.7,0.1,0.3,6.8
Deer Park - Derrimut,0.1,0,1.5,0.1,0.9,0.8,1.7,1.4,1.1,0.2,0.8,0.3,1,3,0.8,0.7,2.1,0.3,0.6,18.1
Delahey,0,0,0.5,0,0.3,0.3,0.6,0.4,0.4,0.1,0.3,0.1,0.3,0.8,0.3,0.2,0.6,0.1,0.2,5.5
Keilor Downs,0,0,0.5,0.1,0.6,0.4,0.9,0.6,0.6,0.1,0.5,0.1,0.5,1.1,0.5,0.6,0.9,0.2,0.3,8.8
Kings Park (Vic.),0.1,0,0.9,0.1,0.4,0.4,0.9,0.7,0.5,0.1,0.4,0.1,0.3,1.4,0.3,0.3,0.8,0.1,0.4,8.3
St Albans - North,0.1,0,1.1,0.1,0.6,0.6,1.3,1.5,0.6,0.1,0.5,0.2,0.6,2.6,0.5,0.4,1.3,0.2,0.6,13.3
St Albans - South,0.1,0,0.9,0.1,0.4,0.5,1.1,1.4,0.5,0.1,0.5,0.1,0.5,2,0.4,0.4,1.1,0.2,0.6,11.1
Sunshine,0.1,0,0.5,0.1,0.3,0.3,0.7,1.1,0.3,0.1,0.3,0.1,0.5,1.5,0.4,0.5,0.8,0.1,0.3,8.2
Sunshine North,0.1, np ,0.7,0.1,0.4,0.4,0.9,0.8,0.4,0.1,0.3,0.1,0.4,1.3,0.3,0.4,0.7,0.1,0.4,8
Sunshine West,0.1,0,1,0.1,0.6,0.7,1.3,1.1,0.7,0.2,0.6,0.2,0.7,2.2,0.5,0.6,1.2,0.2,0.5,12.6
Sydenham,0,0,0.5,0.1,0.5,0.3,0.9,0.7,0.6,0.1,0.4,0.2,0.6,1.3,0.4,0.5,1,0.2,0.3,8.9
Taylors Lakes,0,0,0.8,0.1,1,0.6,1.5,0.8,0.8,0.2,0.7,0.2,0.9,1.3,0.7,1,1.2,0.3,0.4,13.1
Altona,0,0,0.5,0.1,0.6,0.5,0.8,0.6,0.5,0.2,0.5,0.2,0.9,1,0.7,0.8,1,0.2,0.3,9.8
Altona Meadows,0,0,0.9,0.1,0.9,0.7,1.3,0.9,0.8,0.2,0.7,0.3,1,1.7,0.8,0.9,1.4,0.3,0.4,13.5
Altona North,0,0,0.5,0.1,0.7,0.5,0.9,0.6,0.5,0.2,0.6,0.2,0.8,1.2,0.5,0.7,0.9,0.2,0.3,9.6
Newport,0.1,0,0.6,0.2,0.9,0.6,1,1,0.6,0.4,0.9,0.3,1.6,1.4,1,1.4,1.5,0.4,0.4,14.8
Seabrook,0,0,0.2,0,0.3,0.1,0.4,0.2,0.2,0.1,0.2,0.1,0.3,0.5,0.2,0.2,0.3,0.1,0.1,3.7
Williamstown,0,0,0.5,0.1,0.6,0.5,0.9,0.9,0.4,0.3,0.7,0.3,1.4,1,0.8,1.3,1.2,0.4,0.4,12
Braybrook,0.1,0,0.9,0.1,0.6,0.6,1.6,1.7,0.5,0.2,0.8,0.2,1.1,2.3,0.7,0.8,1.5,0.4,0.6,15
Footscray,0.1,0,0.6,0.1,0.5,0.5,1.3,2.2,0.4,0.4,0.7,0.3,1.6,2.6,0.9,1.4,1.7,0.5,0.6,16.8
Maribyrnong,0.1,0,0.5,0.1,0.4,0.5,1.3,1.1,0.4,0.3,0.6,0.2,1,1.4,0.6,0.8,1.2,0.4,0.3,11.5
Seddon - Kingsville,0,0,0.3,0.1,0.3,0.3,0.5,0.7,0.2,0.3,0.4,0.1,0.9,0.9,0.5,0.9,0.8,0.3,0.3,8
West Footscray - Tottenham,0,0,0.4,0.1,0.4,0.3,0.8,1.1,0.3,0.3,0.5,0.2,1,1.4,0.7,0.9,1,0.3,0.3,10.3
Yarraville,0,0,0.5,0.1,0.6,0.5,1,0.9,0.4,0.5,0.7,0.2,1.6,1.3,0.8,1.3,1.3,0.4,0.4,12.9
Bacchus Marsh,0.2,0.1,0.9,0.2,1.8,0.6,1.5,1.1,1.1,0.2,0.7,0.3,0.9,1.5,1.2,1.3,1.8,0.3,0.5,16.5
Hillside,0,0,1.1,0.2,1.5,0.8,2,1.2,1.1,0.3,0.9,0.3,1.1,1.9,0.9,1.2,2,0.4,0.5,17.9
Melton,0.1,0,0.8,0.1,1.1,0.5,1.3,0.8,1,0.1,0.5,0.3,0.5,1.8,0.6,0.7,1.4,0.2,0.4,12.5
Melton South,0.1,0,1.3,0.2,1.4,0.8,2.1,1.4,1.7,0.2,0.8,0.3,1,3.3,1.2,1.2,2.5,0.3,0.7,21.2
Melton West,0.1,0,0.9,0.2,1,0.6,1.6,0.9,1.1,0.1,0.5,0.3,0.6,2,0.8,0.8,1.6,0.2,0.5,13.9
Rockbank - Mount Cottrell,0,0,0.4,0.1,0.4,0.3,0.6,0.4,0.6,0.1,0.3,0.1,0.4,1.1,0.3,0.3,1.1,0.1,0.2,6.9
Taylors Hill,0,0,0.8,0.1,0.9,0.6,1.5,1,0.9,0.2,0.8,0.2,0.9,1.5,0.7,0.9,1.4,0.2,0.4,13.5
Burnside,0,0,0.3,0,0.2,0.2,0.4,0.2,0.2,0,0.2,0,0.2,0.5,0.2,0.2,0.5,0.1,0.1,3.5
Burnside Heights,0,0,0.3,0,0.2,0.2,0.4,0.3,0.3,0.1,0.2,0.1,0.3,0.5,0.2,0.3,0.5,0.1,0.1,4.2
Caroline Springs,0,0,0.9,0.1,0.9,0.6,1.5,1.1,0.9,0.2,0.8,0.2,1,1.8,0.7,1,1.8,0.3,0.4,14.6
Hoppers Crossing - North,0.1,0,0.9,0.1,1,0.7,1.6,1,0.9,0.2,0.6,0.2,0.8,2,0.8,0.9,1.4,0.3,0.5,14.3
Hoppers Crossing - South,0.1,0,0.9,0.1,0.7,0.6,1.5,1.1,0.9,0.2,0.5,0.2,0.8,2.2,0.7,0.8,1.4,0.3,0.4,13.7
Laverton,0,0,0.5,0.1,0.4,0.5,0.9,1.1,0.4,0.2,0.5,0.2,0.9,1.8,0.4,0.4,0.8,0.1,0.3,9.8
Tarneit,0.1,0,1.9,0.4,1.4,1.3,3.7,3,2.3,0.6,1.8,0.5,2.6,6.6,1.6,1.7,4.4,0.4,0.9,36.2
Truganina,0.1,0,1.3,0.3,0.8,0.9,2.2,2.1,1.5,0.4,1.3,0.4,1.9,4.5,1,1,2.7,0.3,0.7,24.2
Werribee - South,0.2,0,0.6,0.1,0.8,0.5,1.1,0.7,0.6,0.2,0.5,0.3,0.8,1.5,0.6,0.8,1.1,0.2,0.3,11.3
Wyndham Vale,0.2,0,1.2,0.3,1.2,0.9,2.3,1.4,1.3,0.4,1.2,0.3,1.9,3.3,1.2,1.1,2.5,0.4,0.6,22
Point Cook - East,0.1,0,0.7,0.1,0.8,0.7,1.2,0.9,0.6,0.3,0.8,0.4,1.3,2,0.6,0.7,1.3,0.2,0.3,13.3
Point Cook - North,0,0,0.9,0.2,0.9,0.8,1.7,1.3,0.9,0.4,1,0.3,1.6,2.1,0.9,1,1.7,0.4,0.5,17
Point Cook - South,0,0,0.5,0.1,0.6,0.6,1.1,0.9,0.6,0.4,0.9,0.2,1.7,1.7,0.6,0.7,1.3,0.3,0.3,12.9
Werribee - East,0.1,0,0.9,0.1,0.7,0.6,1.4,1,0.9,0.1,0.6,0.2,0.7,2.1,0.7,0.7,1.4,0.2,0.4,13.2
Werribee - West,0.1,0,0.8,0.2,1,0.6,1.4,1,0.9,0.2,0.7,0.3,1,2.1,0.8,1,1.7,0.3,0.5,14.9
Carrum Downs,0.1,0,1.8,0.2,1.5,1.1,1.9,0.9,0.6,0.2,0.6,0.3,0.7,1.8,0.7,0.8,2.2,0.3,0.6,16.6
Frankston,0.1,0,1.2,0.2,1.3,0.8,1.8,1.3,0.4,0.2,0.6,0.3,0.9,1.6,0.8,1.3,2.7,0.3,0.5,16.8
Frankston North,0.1,0,1.2,0.1,1.1,0.6,1.4,0.9,0.4,0.1,0.5,0.2,0.7,1.4,0.6,0.8,1.7,0.2,0.4,12.6
Frankston South,0.1,0,0.8,0.1,1.1,0.6,1.4,0.9,0.2,0.2,0.5,0.3,0.9,1,0.7,1.4,1.8,0.3,0.3,12.8
Langwarrin,0.1,0,1.4,0.1,2.2,0.9,2.2,1.1,0.4,0.2,0.8,0.4,1,1.4,0.8,1.4,2.3,0.4,0.6,18.3
Seaford (Vic.),0.1,0,0.9,0.1,1.1,0.6,1.2,0.6,0.3,0.2,0.5,0.2,0.8,1.3,0.6,1.1,1.5,0.3,0.4,12.1
Skye - Sandhurst,0,0,0.9,0.1,0.9,0.7,1.3,0.6,0.3,0.1,0.5,0.2,0.6,0.9,0.4,0.6,1.2,0.2,0.3,10.1
Dromana,0.1,0,0.4,0,0.7,0.4,1,0.6,0.2,0.1,0.3,0.2,0.4,0.5,0.3,0.7,0.9,0.2,0.3,7.7
Flinders,0.2,0,0.1,0,0.2,0.1,0.4,0.4,0.1,0,0.1,0.1,0.3,0.2,0.1,0.3,0.3,0.1,0.1,3.4
Hastings - Somers,0.2,0.1,1.1,0.1,1.4,0.6,1.7,1.2,0.4,0.1,0.5,0.3,0.7,1.2,1.3,1.1,1.9,0.3,0.5,15
Mornington,0.1,0,1,0.1,1.3,0.7,1.8,1.4,0.3,0.1,0.7,0.4,1.1,1.1,0.7,1.5,2.3,0.5,0.5,16
Mount Eliza,0.1,0,0.7,0.1,0.9,0.6,1.3,1,0.2,0.2,0.5,0.3,1.1,0.8,0.5,1.4,1.5,0.3,0.3,12.2
Mount Martha,0.1,0,0.8,0.1,1.1,0.5,1.4,1,0.2,0.2,0.5,0.3,0.9,0.8,0.6,1.4,1.6,0.4,0.4,12.8
Point Nepean,0.1,0,0.4,0.1,0.9,0.4,1.3,1.4,0.2,0.1,0.4,0.4,0.7,0.7,0.4,1,1.1,0.3,0.3,10.7
Rosebud - McCrae,0.2,0,0.6,0.1,1,0.4,1.8,1.4,0.3,0.1,0.5,0.3,0.6,0.9,0.6,0.9,1.9,0.3,0.4,12.6
Somerville,0.2,0,1,0.1,1.5,0.6,1.5,0.9,0.3,0.1,0.5,0.2,0.7,1,0.7,1,1.7,0.4,0.5,13.3
Ararat,0.5,0.1,0.6,0,0.2,0.3,0.4,0.4,0.1,0,0.1,0.1,0.2,0.2,0.7,0.3,0.9,0.1,0.1,5.4
Ararat Region,0.5,0,0.1,0,0.1,0.1,0.1,0.1,0.1,0,0,0,0.1,0.1,0.2,0.2,0.3,0,0,2.1
Horsham,0.6,0.1,0.4,0.2,0.8,0.5,1.5,1,0.6,0.1,0.4,0.1,0.4,0.9,0.7,0.9,2.1,0.2,0.4,12.1
Horsham Region,0.5,0,0.1,0,0.2,0.1,0.2,0.2,0.1,0,0.1,0,0.1,0.1,0.2,0.2,0.3,0.1,0.1,2.5
Nhill Region,0.9,0,0.1,0,0.2,0.1,0.3,0.1,0.3,0,0.1,0,0.1,0.2,0.3,0.4,0.8,0,0.1,4.3
St Arnaud,0.4,0,0.2,0,0.1,0.1,0.2,0.1,0.1,0,0.1,0,0.1,0.1,0.1,0.1,0.4,0,0,2.1
Stawell,0.3,0.2,0.7,0,0.3,0.1,0.4,0.4,0.1,0,0.1,0.1,0.1,0.3,0.6,0.3,1,0.2,0.1,5.7
West Wimmera,0.6,0,0,0,0.1,0,0.1,0.1,0.1,0,0,0,0,0.1,0.1,0.1,0.3,0,0,1.9
Yarriambiack,0.5,0,0.1,0,0.1,0.2,0.3,0.2,0.2,0,0.1,0,0.1,0.2,0.2,0.4,0.8,0.1,0.1,3.8
Irymple,0.5,0,0.3,0,0.4,0.2,0.6,0.4,0.2,0,0.1,0.1,0.2,0.4,0.3,0.4,0.5,0.1,0.1,5.2
Merbein,0.3,0,0.2,0,0.2,0.1,0.4,0.4,0.2,0,0.1,0,0.1,0.3,0.2,0.3,0.3,0,0.1,3.4
Mildura Region,0.5,0,0.1,0,0.1,0.1,0.2,0.1,0.1,0,0,0,0.1,0.2,0.1,0.2,0.3,0.1,0.1,2.5
Red Cliffs,0.8,0,0.3,0,0.3,0.3,0.4,0.4,0.2,0,0.1,0.1,0.1,0.8,0.2,0.2,0.4,0.1,0.1,5.1
Mildura - North,1.6,0.1,0.8,0.1,0.7,0.9,1.3,1.5,0.5,0.1,0.3,0.2,0.5,2.1,0.6,1,1.7,0.2,0.4,15
Mildura - South,1.2,0.1,0.7,0.1,0.6,0.7,1.3,1.2,0.5,0.1,0.4,0.2,0.5,1.6,0.6,0.9,1.7,0.2,0.3,13.2
Buloke,0.6, np ,0.2,0,0.1,0.2,0.3,0.2,0.2,0,0.1,0,0.1,0.2,0.3,0.4,0.6,0.1,0.1,3.8
Gannawarra,0.6,0,0.3,0.1,0.3,0.2,0.4,0.3,0.1,0,0.1,0.1,0.1,0.2,0.2,0.3,0.4,0.1,0.1,3.9
Kerang,0.1,0,0.2,0,0.1,0.1,0.3,0.2,0.1,0,0.1,0,0.1,0.1,0.2,0.2,0.3,0,0.1,2.3
Robinvale,1,0,0.2,0,0.1,0.1,0.2,0.1,0.1,0,0,0,0.2,1,0,0.1,0.2,0,0.1,3.6
Swan Hill,0.5,0,0.5,0.1,0.4,0.6,1,0.8,0.3,0.1,0.3,0.1,0.3,0.6,0.5,0.7,1.1,0.2,0.3,8.2
Swan Hill Region,1,0,0.3,0,0.2,0.3,0.3,0.3,0.2,0,0.1,0,0.1,0.4,0.2,0.3,0.4,0.1,0.1,4.7
Echuca,0.6,0,0.8,0.1,0.8,0.3,1.3,1.5,0.4,0.1,0.3,0.3,0.3,0.7,0.5,0.8,1.7,0.2,0.3,11.2
Kyabram,0.6,0,0.9,0.1,0.4,0.2,0.7,0.4,0.3,0,0.3,0.1,0.3,0.6,0.3,0.5,1,0.1,0.2,7.3
Lockington - Gunbower,0.3,0,0.2,0,0.2,0.1,0.3,0.2,0.1,0,0.1,0,0.1,0.2,0.1,0.2,0.3,0,0.1,2.5
Rochester,0.3,0,0.2,0,0.2,0.1,0.3,0.2,0.1,0,0.1,0,0.1,0.1,0.1,0.2,0.4,0,0.1,2.5
Rushworth,0.3,0,0.3,0,0.1,0.1,0.2,0.1,0.2,0,0.1,0,0.1,0.2,0.1,0.2,0.3,0,0,2.4
Cobram,0.5,0,0.5,0,0.2,0.1,0.5,0.4,0.2,0,0.1,0.1,0.1,0.3,0.1,0.2,0.4,0.1,0.1,4.2
Moira,0.2,0,0.2,0,0.1,0,0.2,0.2,0.1,0,0.1,0,0.1,0.1,0.1,0.1,0.2,0,0,1.9
Numurkah,0.8,0,0.9,0.1,0.4,0.2,0.8,0.5,0.5,0,0.2,0.1,0.2,0.5,0.3,0.6,1.1,0.1,0.2,8
Yarrawonga,0.1,0,0.4,0,0.5,0.1,0.6,0.8,0.2,0,0.2,0.1,0.2,0.2,0.2,0.4,0.7,0.1,0.1,5
Mooroopna,0.3,0,0.5,0.1,0.3,0.2,0.6,0.4,0.3,0,0.2,0.1,0.2,0.7,0.3,0.3,0.8,0.1,0.2,5.7
Shepparton - North,0.6,0,0.9,0.2,0.7,0.7,1.4,1,0.4,0.1,0.5,0.2,0.6,1.3,0.6,1.2,2.6,0.2,0.5,14.3
Shepparton - South,1.1,0,1.2,0.2,0.9,0.8,1.9,1.3,0.6,0.1,0.6,0.2,0.7,1.9,0.8,1.3,2.2,0.2,0.6,17.2
Shepparton Region - East,0.2,0,0.2,0,0.2,0.1,0.2,0.1,0.1,0,0.1,0,0.1,0.2,0.1,0.3,0.4,0,0.1,2.8
Shepparton Region - West,0.8,0,0.7,0.2,0.4,0.2,0.5,0.3,0.3,0,0.2,0.1,0.3,0.7,0.4,0.5,0.9,0.1,0.2,7.1
Glenelg (Vic.),1.2,0,0.4,0,0.3,0.2,0.4,0.4,0.4,0,0.2,0.1,0.2,0.3,0.4,0.4,0.7,0.1,0.2,6
Hamilton (Vic.),1.2,0,0.3,0,0.3,0.2,0.8,0.7,0.3,0.1,0.2,0.1,0.2,0.4,0.5,0.7,1.1,0.1,0.2,7.5
Portland,0.4,0,0.8,0.1,0.5,0.2,0.7,0.7,0.7,0,0.2,0.1,0.2,0.5,0.4,0.5,1,0.1,0.3,7.6
Southern Grampians,1.4,0,0.1,0,0.2,0.1,0.3,0.3,0.1,0,0.1,0,0.2,0.1,0.3,0.4,0.5,0.1,0.1,4.5
Camperdown,0.2,0,0.2,0,0.1,0.1,0.2,0.1,0.1,0,0.1,0,0.1,0.1,0.2,0.2,0.3,0,0,2.2
Colac,0.3,0,1.9,0.1,0.4,0.2,0.9,0.7,0.4,0.1,0.3,0.1,0.3,0.7,0.5,0.5,1.2,0.1,0.2,9
Colac Region,0.4,0,0.4,0,0.2,0.1,0.3,0.3,0.2,0,0.1,0,0.1,0.3,0.2,0.3,0.6,0.1,0.1,3.8
Corangamite - North,0.6,0,0.2,0,0.2,0.1,0.3,0.2,0.2,0,0.1,0,0.1,0.2,0.2,0.4,0.5,0.1,0.1,3.6
Corangamite - South,1,0.1,0.4,0,0.3,0.1,0.4,0.5,0.2,0,0.1,0.1,0.2,0.2,0.2,0.3,0.5,0.1,0.1,4.8
Otway,0.1,0,0.1,0,0.1,0,0.2,0.7,0.1,0,0.1,0.1,0.1,0.2,0.1,0.2,0.3,0.1,0.1,2.6
Moyne - East,1,0,0.3,0,0.2,0.1,0.3,0.3,0.2,0,0.1,0.1,0.2,0.2,0.2,0.4,0.5,0.1,0.1,4.7
Moyne - West,0.9,0,0.4,0.1,0.3,0.2,0.6,0.6,0.2,0,0.2,0.1,0.2,0.4,0.5,0.6,1,0.1,0.2,6.8
Warrnambool - North,0.4,0.1,1.5,0.2,0.8,0.5,2.1,2,0.5,0.1,0.5,0.2,0.6,1.2,1,1.4,2.6,0.4,0.5,16.8
Warrnambool - South,0.3,0,1,0.1,0.4,0.2,1,1.1,0.3,0.1,0.3,0.1,0.4,0.9,0.6,1,1.6,0.2,0.3,9.9